<?xml version="1.0" encoding="UTF-8"?><?xml-stylesheet type="text/xsl" href="C:/Users/reshmah/eclipse-workspace/BNSUI/lib/Test.xsl?><Tests>
<TestResults>
<Step>Step</Step>
<Description>Open URL</Description>
<Actual>https://visibility-errornotification-web-qa.lens.cfcr-lab.bp-paas.otxlab.net/visibility-errornotification-web/login</Actual>
<Expected>N/A</Expected>
<Status>Done</Status>
<Time>01-21-2021 20:33:37</Time>
<ScreenShot> </ScreenShot>
</TestResults>
<TestResults>
<Step>Step</Step>
<Description>Desired Operation: CSET; Element:  ( name: username )</Description>
<Actual>Set data: reshmah.lab</Actual>
<Expected>N/A</Expected>
<Status>Done</Status>
<Time>01-21-2021 20:33:37</Time>
<ScreenShot> </ScreenShot>
</TestResults>
<TestResults>
<Step>Step</Step>
<Description>Desired Operation: CSET; Element:  ( name: password )</Description>
<Actual>Set data: VMware123!</Actual>
<Expected>N/A</Expected>
<Status>Done</Status>
<Time>01-21-2021 20:33:37</Time>
<ScreenShot> </ScreenShot>
</TestResults>
<TestResults>
<Step>Verification</Step>
<Description>Verify element exists: ( xpath: //img[@title='logout'] )</Description>
<Actual>Element exists</Actual>
<Expected>Element exists</Expected>
<Status>Pass</Status>
<Time>01-21-2021 20:33:40</Time>
<ScreenShot>screenshot11.jpg</ScreenShot>
</TestResults>
<TestResults>
<Step>Step</Step>
<Description>Desired Operation: CLICK; Element:  ( xpath: //span[contains(text(),'Submit')] )</Description>
<Actual>CLICKed element</Actual>
<Expected>N/A</Expected>
<Status>Done</Status>
<Time>01-21-2021 20:33:47</Time>
<ScreenShot> </ScreenShot>
</TestResults>
<TestResults>
<Step>Verification</Step>
<Description>Verify element exists: ( xpath: //input[@placeholder='From address'] )</Description>
<Actual>Element exists</Actual>
<Expected>Element exists</Expected>
<Status>Pass</Status>
<Time>01-21-2021 20:34:27</Time>
<ScreenShot>screenshot12.jpg</ScreenShot>
</TestResults>
<TestResults>
<Step>Step</Step>
<Description>Desired Operation: CLICK; Element:  ( xpath: //input[@placeholder='Select Cc(s)'] )</Description>
<Actual>CLICKed element</Actual>
<Expected>N/A</Expected>
<Status>Done</Status>
<Time>01-21-2021 20:35:06</Time>
<ScreenShot> </ScreenShot>
</TestResults>
<TestResults>
<Step>Step</Step>
<Description>Desired Operation: CLICK; Element:  ( xpath: //div[contains(text(),'Sender Contacts')] )</Description>
<Actual>CLICKed element</Actual>
<Expected>N/A</Expected>
<Status>Done</Status>
<Time>01-21-2021 20:35:11</Time>
<ScreenShot> </ScreenShot>
</TestResults>
<TestResults>
<Step>Step</Step>
<Description>Desired Operation: CLICK; Element:  ( xpath: //mat-select[@role='listbox'] )</Description>
<Actual>CLICKed element</Actual>
<Expected>N/A</Expected>
<Status>Done</Status>
<Time>01-21-2021 20:35:13</Time>
<ScreenShot> </ScreenShot>
</TestResults>
<TestResults>
<Step>Verification</Step>
<Description>Verify element exists: ( xpath: //mat-header-cell[contains(text(),'Name')]/../following-sibling::mat-row/mat-cell[contains(text(),' Holla, Reshma ')]/../descendant::div[contains(@class,'no')] )</Description>
<Actual>Element exists</Actual>
<Expected>Element exists</Expected>
<Status>Pass</Status>
<Time>01-21-2021 20:35:22</Time>
<ScreenShot>screenshot13.jpg</ScreenShot>
</TestResults>
<TestResults>
<Step>Step</Step>
<Description>Desired Operation: CLICK; Element:  ( xpath: //input[@placeholder='Select Bcc(s)'] )</Description>
<Actual>CLICKed element</Actual>
<Expected>N/A</Expected>
<Status>Done</Status>
<Time>01-21-2021 20:35:34</Time>
<ScreenShot> </ScreenShot>
</TestResults>
<TestResults>
<Step>Verification</Step>
<Description>To verify Valid Transaction ID Message</Description>
<Actual> Notification Sent </Actual>
<Expected>Sucess!</Expected>
<Status>Pass</Status>
<Time>01-21-2021 20:35:59</Time>
<ScreenShot>screenshot14.jpg</ScreenShot>
</TestResults>
<TestResults>
<Step>Step</Step>
<Description>Page Refreshed</Description>
<Actual>Pass</Actual>
<Expected>N/A</Expected>
<Status>Done</Status>
<Time>01-21-2021 20:36:08</Time>
<ScreenShot> </ScreenShot>
</TestResults>
<TestResults>
<Step>Verification</Step>
<Description>Verify element exists: ( xpath: //div[contains(text(),'You have been logged out.')] )</Description>
<Actual>Element exists</Actual>
<Expected>Element exists</Expected>
<Status>Pass</Status>
<Time>01-21-2021 20:36:27</Time>
<ScreenShot>screenshot15.jpg</ScreenShot>
</TestResults>
</Tests>
